1,Product 1,Home,10,6
2,Product 2,Electronics,20,7
3,Product 3,Home,30,8
4,Product 4,Electronics,40,9
5,Product 5,Home,50,10
6,Product 6,Electronics,60,11
7,Product 7,Home,70,12
8,Product 8,Electronics,80,13
9,Product 9,Home,90,14
10,Product 10,Electronics,100,15
11,Product 11,Home,110,16
12,Product 12,Electronics,120,17
13,Product 13,Home,130,18
14,Product 14,Electronics,140,19
15,Product 15,Home,150,20
16,Product 16,Electronics,160,21
17,Product 17,Home,170,22
18,Product 18,Electronics,180,23
19,Product 19,Home,190,24
20,Product 20,Electronics,200,25
21,Product 21,Home,210,26
22,Product 22,Electronics,220,27
23,Product 23,Home,230,28
24,Product 24,Electronics,240,29
25,Product 25,Home,250,30
26,Product 26,Electronics,260,31
27,Product 27,Home,270,32
28,Product 28,Electronics,280,33
29,Product 29,Home,290,34
30,Product 30,Electronics,300,35
31,Product 31,Home,310,36
32,Product 32,Electronics,320,37
33,Product 33,Home,330,38
34,Product 34,Electronics,340,39
35,Product 35,Home,350,40
36,Product 36,Electronics,360,41
37,Product 37,Home,370,42
38,Product 38,Electronics,380,43
39,Product 39,Home,390,44
40,Product 40,Electronics,400,45
41,Product 41,Home,410,46
42,Product 42,Electronics,420,47
43,Product 43,Home,430,48
44,Product 44,Electronics,440,49
45,Product 45,Home,450,50
46,Product 46,Electronics,460,51
47,Product 47,Home,470,52
48,Product 48,Electronics,480,53
49,Product 49,Home,490,54
50,Product 50,Electronics,500,55
51,Product 51,Home,510,56
52,Product 52,Electronics,520,57
53,Product 53,Home,530,58
54,Product 54,Electronics,540,59
55,Product 55,Home,550,60
56,Product 56,Electronics,560,61
57,Product 57,Home,570,62
58,Product 58,Electronics,580,63
59,Product 59,Home,590,64
60,Product 60,Electronics,600,65
61,Product 61,Home,610,66
62,Product 62,Electronics,620,67
63,Product 63,Home,630,68
64,Product 64,Electronics,640,69
65,Product 65,Home,650,70
66,Product 66,Electronics,660,71
67,Product 67,Home,670,72
68,Product 68,Electronics,680,73
69,Product 69,Home,690,74
70,Product 70,Electronics,700,75
71,Product 71,Home,710,76
72,Product 72,Electronics,720,77
73,Product 73,Home,730,78
74,Product 74,Electronics,740,79
75,Product 75,Home,750,80
76,Product 76,Electronics,760,81
77,Product 77,Home,770,82
78,Product 78,Electronics,780,83
79,Product 79,Home,790,84
80,Product 80,Electronics,800,85
81,Product 81,Home,810,86
82,Product 82,Electronics,820,87
83,Product 83,Home,830,88
84,Product 84,Electronics,840,89
85,Product 85,Home,850,90
86,Product 86,Electronics,860,91
87,Product 87,Home,870,92
88,Product 88,Electronics,880,93
89,Product 89,Home,890,94
90,Product 90,Electronics,900,95
91,Product 91,Home,910,96
92,Product 92,Electronics,920,97
93,Product 93,Home,930,98
94,Product 94,Electronics,940,99
95,Product 95,Home,950,100
96,Product 96,Electronics,960,101
97,Product 97,Home,970,102
98,Product 98,Electronics,980,103
99,Product 99,Home,990,104
100,Product 100,Electronics,1000,105
101,Product 101,Home,1010,106
102,Product 102,Electronics,1020,107
103,Product 103,Home,1030,108
104,Product 104,Electronics,1040,109
105,Product 105,Home,1050,110
106,Product 106,Electronics,1060,111
107,Product 107,Home,1070,112
108,Product 108,Electronics,1080,113
109,Product 109,Home,1090,114
110,Product 110,Electronics,1100,115
111,Product 111,Home,1110,116
112,Product 112,Electronics,1120,117
113,Product 113,Home,1130,118
114,Product 114,Electronics,1140,119
115,Product 115,Home,1150,120
116,Product 116,Electronics,1160,121
117,Product 117,Home,1170,122
118,Product 118,Electronics,1180,123
119,Product 119,Home,1190,124
120,Product 120,Electronics,1200,125
121,Product 121,Home,1210,126
122,Product 122,Electronics,1220,127
123,Product 123,Home,1230,128
124,Product 124,Electronics,1240,129
125,Product 125,Home,1250,130
126,Product 126,Electronics,1260,131
127,Product 127,Home,1270,132
128,Product 128,Electronics,1280,133
129,Product 129,Home,1290,134
130,Product 130,Electronics,1300,135
131,Product 131,Home,1310,136
132,Product 132,Electronics,1320,137
133,Product 133,Home,1330,138
134,Product 134,Electronics,1340,139
135,Product 135,Home,1350,140
136,Product 136,Electronics,1360,141
137,Product 137,Home,1370,142
138,Product 138,Electronics,1380,143
139,Product 139,Home,1390,144
140,Product 140,Electronics,1400,145
141,Product 141,Home,1410,146
142,Product 142,Electronics,1420,147
143,Product 143,Home,1430,148
144,Product 144,Electronics,1440,149
145,Product 145,Home,1450,150
146,Product 146,Electronics,1460,151
147,Product 147,Home,1470,152
148,Product 148,Electronics,1480,153
149,Product 149,Home,1490,154
150,Product 150,Electronics,1500,155
151,Product 151,Home,1510,156
152,Product 152,Electronics,1520,157
153,Product 153,Home,1530,158
154,Product 154,Electronics,1540,159
155,Product 155,Home,1550,160
156,Product 156,Electronics,1560,161
157,Product 157,Home,1570,162
158,Product 158,Electronics,1580,163
159,Product 159,Home,1590,164
160,Product 160,Electronics,1600,165
161,Product 161,Home,1610,166
162,Product 162,Electronics,1620,167
163,Product 163,Home,1630,168
164,Product 164,Electronics,1640,169
165,Product 165,Home,1650,170
166,Product 166,Electronics,1660,171
167,Product 167,Home,1670,172
168,Product 168,Electronics,1680,173
169,Product 169,Home,1690,174
170,Product 170,Electronics,1700,175
171,Product 171,Home,1710,176
172,Product 172,Electronics,1720,177
173,Product 173,Home,1730,178
174,Product 174,Electronics,1740,179
175,Product 175,Home,1750,180
176,Product 176,Electronics,1760,181
177,Product 177,Home,1770,182
178,Product 178,Electronics,1780,183
179,Product 179,Home,1790,184
180,Product 180,Electronics,1800,185
181,Product 181,Home,1810,186
182,Product 182,Electronics,1820,187
183,Product 183,Home,1830,188
184,Product 184,Electronics,1840,189
185,Product 185,Home,1850,190
186,Product 186,Electronics,1860,191
187,Product 187,Home,1870,192
188,Product 188,Electronics,1880,193
189,Product 189,Home,1890,194
190,Product 190,Electronics,1900,195
191,Product 191,Home,1910,196
192,Product 192,Electronics,1920,197
193,Product 193,Home,1930,198
194,Product 194,Electronics,1940,199
195,Product 195,Home,1950,200
196,Product 196,Electronics,1960,201
197,Product 197,Home,1970,202
198,Product 198,Electronics,1980,203
199,Product 199,Home,1990,204
200,Product 200,Electronics,2000,205
201,Product 201,Home,2010,206
202,Product 202,Electronics,2020,207
203,Product 203,Home,2030,208
204,Product 204,Electronics,2040,209
205,Product 205,Home,2050,210
206,Product 206,Electronics,2060,211
207,Product 207,Home,2070,212
208,Product 208,Electronics,2080,213
209,Product 209,Home,2090,214
210,Product 210,Electronics,2100,215
211,Product 211,Home,2110,216
212,Product 212,Electronics,2120,217
213,Product 213,Home,2130,218
214,Product 214,Electronics,2140,219
215,Product 215,Home,2150,220
216,Product 216,Electronics,2160,221
217,Product 217,Home,2170,222
218,Product 218,Electronics,2180,223
219,Product 219,Home,2190,224
220,Product 220,Electronics,2200,225
221,Product 221,Home,2210,226
222,Product 222,Electronics,2220,227
223,Product 223,Home,2230,228
224,Product 224,Electronics,2240,229
225,Product 225,Home,2250,230
226,Product 226,Electronics,2260,231
227,Product 227,Home,2270,232
228,Product 228,Electronics,2280,233
229,Product 229,Home,2290,234
230,Product 230,Electronics,2300,235
231,Product 231,Home,2310,236
232,Product 232,Electronics,2320,237
233,Product 233,Home,2330,238
234,Product 234,Electronics,2340,239
235,Product 235,Home,2350,240
236,Product 236,Electronics,2360,241
237,Product 237,Home,2370,242
238,Product 238,Electronics,2380,243
239,Product 239,Home,2390,244
240,Product 240,Electronics,2400,245
241,Product 241,Home,2410,246
242,Product 242,Electronics,2420,247
243,Product 243,Home,2430,248
244,Product 244,Electronics,2440,249
245,Product 245,Home,2450,250
246,Product 246,Electronics,2460,251
247,Product 247,Home,2470,252
248,Product 248,Electronics,2480,253
249,Product 249,Home,2490,254
250,Product 250,Electronics,2500,255
251,Product 251,Home,2510,256
252,Product 252,Electronics,2520,257
253,Product 253,Home,2530,258
254,Product 254,Electronics,2540,259
255,Product 255,Home,2550,260
256,Product 256,Electronics,2560,261
257,Product 257,Home,2570,262
258,Product 258,Electronics,2580,263
259,Product 259,Home,2590,264
260,Product 260,Electronics,2600,265
261,Product 261,Home,2610,266
262,Product 262,Electronics,2620,267
263,Product 263,Home,2630,268
264,Product 264,Electronics,2640,269
265,Product 265,Home,2650,270
266,Product 266,Electronics,2660,271
267,Product 267,Home,2670,272
268,Product 268,Electronics,2680,273
269,Product 269,Home,2690,274
270,Product 270,Electronics,2700,275
271,Product 271,Home,2710,276
272,Product 272,Electronics,2720,277
273,Product 273,Home,2730,278
274,Product 274,Electronics,2740,279
275,Product 275,Home,2750,280
276,Product 276,Electronics,2760,281
277,Product 277,Home,2770,282
278,Product 278,Electronics,2780,283
279,Product 279,Home,2790,284
280,Product 280,Electronics,2800,285
281,Product 281,Home,2810,286
282,Product 282,Electronics,2820,287
283,Product 283,Home,2830,288
284,Product 284,Electronics,2840,289
285,Product 285,Home,2850,290
286,Product 286,Electronics,2860,291
287,Product 287,Home,2870,292
288,Product 288,Electronics,2880,293
289,Product 289,Home,2890,294
290,Product 290,Electronics,2900,295
291,Product 291,Home,2910,296
292,Product 292,Electronics,2920,297
293,Product 293,Home,2930,298
294,Product 294,Electronics,2940,299
295,Product 295,Home,2950,300
296,Product 296,Electronics,2960,301
297,Product 297,Home,2970,302
298,Product 298,Electronics,2980,303
299,Product 299,Home,2990,304
300,Product 300,Electronics,3000,305
301,Product 301,Home,3010,306
302,Product 302,Electronics,3020,307
303,Product 303,Home,3030,308
304,Product 304,Electronics,3040,309
305,Product 305,Home,3050,310
306,Product 306,Electronics,3060,311
307,Product 307,Home,3070,312
308,Product 308,Electronics,3080,313
309,Product 309,Home,3090,314
310,Product 310,Electronics,3100,315
311,Product 311,Home,3110,316
312,Product 312,Electronics,3120,317
313,Product 313,Home,3130,318
314,Product 314,Electronics,3140,319
315,Product 315,Home,3150,320
316,Product 316,Electronics,3160,321
317,Product 317,Home,3170,322
318,Product 318,Electronics,3180,323
319,Product 319,Home,3190,324
320,Product 320,Electronics,3200,325
321,Product 321,Home,3210,326
322,Product 322,Electronics,3220,327
323,Product 323,Home,3230,328
324,Product 324,Electronics,3240,329
325,Product 325,Home,3250,330
326,Product 326,Electronics,3260,331
327,Product 327,Home,3270,332
328,Product 328,Electronics,3280,333
329,Product 329,Home,3290,334
330,Product 330,Electronics,3300,335
331,Product 331,Home,3310,336
332,Product 332,Electronics,3320,337
333,Product 333,Home,3330,338
334,Product 334,Electronics,3340,339
335,Product 335,Home,3350,340
336,Product 336,Electronics,3360,341
337,Product 337,Home,3370,342
338,Product 338,Electronics,3380,343
339,Product 339,Home,3390,344
340,Product 340,Electronics,3400,345
341,Product 341,Home,3410,346
342,Product 342,Electronics,3420,347
343,Product 343,Home,3430,348
344,Product 344,Electronics,3440,349
345,Product 345,Home,3450,350
346,Product 346,Electronics,3460,351
347,Product 347,Home,3470,352
348,Product 348,Electronics,3480,353
349,Product 349,Home,3490,354
350,Product 350,Electronics,3500,355
351,Product 351,Home,3510,356
352,Product 352,Electronics,3520,357
353,Product 353,Home,3530,358
354,Product 354,Electronics,3540,359
355,Product 355,Home,3550,360
356,Product 356,Electronics,3560,361
357,Product 357,Home,3570,362
358,Product 358,Electronics,3580,363
359,Product 359,Home,3590,364
360,Product 360,Electronics,3600,365
361,Product 361,Home,3610,366
362,Product 362,Electronics,3620,367
363,Product 363,Home,3630,368
364,Product 364,Electronics,3640,369
365,Product 365,Home,3650,370
366,Product 366,Electronics,3660,371
367,Product 367,Home,3670,372
368,Product 368,Electronics,3680,373
369,Product 369,Home,3690,374
370,Product 370,Electronics,3700,375
371,Product 371,Home,3710,376
372,Product 372,Electronics,3720,377
373,Product 373,Home,3730,378
374,Product 374,Electronics,3740,379
375,Product 375,Home,3750,380
376,Product 376,Electronics,3760,381
377,Product 377,Home,3770,382
378,Product 378,Electronics,3780,383
379,Product 379,Home,3790,384
380,Product 380,Electronics,3800,385
381,Product 381,Home,3810,386
382,Product 382,Electronics,3820,387
383,Product 383,Home,3830,388
384,Product 384,Electronics,3840,389
385,Product 385,Home,3850,390
386,Product 386,Electronics,3860,391
387,Product 387,Home,3870,392
388,Product 388,Electronics,3880,393
389,Product 389,Home,3890,394
390,Product 390,Electronics,3900,395
391,Product 391,Home,3910,396
392,Product 392,Electronics,3920,397
393,Product 393,Home,3930,398
394,Product 394,Electronics,3940,399
395,Product 395,Home,3950,400
396,Product 396,Electronics,3960,401
397,Product 397,Home,3970,402
398,Product 398,Electronics,3980,403
399,Product 399,Home,3990,404
400,Product 400,Electronics,4000,405
401,Product 401,Home,4010,406
402,Product 402,Electronics,4020,407
403,Product 403,Home,4030,408
404,Product 404,Electronics,4040,409
405,Product 405,Home,4050,410
406,Product 406,Electronics,4060,411
407,Product 407,Home,4070,412
408,Product 408,Electronics,4080,413
409,Product 409,Home,4090,414
410,Product 410,Electronics,4100,415
411,Product 411,Home,4110,416
412,Product 412,Electronics,4120,417
413,Product 413,Home,4130,418
414,Product 414,Electronics,4140,419
415,Product 415,Home,4150,420
416,Product 416,Electronics,4160,421
417,Product 417,Home,4170,422
418,Product 418,Electronics,4180,423
419,Product 419,Home,4190,424
420,Product 420,Electronics,4200,425
421,Product 421,Home,4210,426
422,Product 422,Electronics,4220,427
423,Product 423,Home,4230,428
424,Product 424,Electronics,4240,429
425,Product 425,Home,4250,430
426,Product 426,Electronics,4260,431
427,Product 427,Home,4270,432
428,Product 428,Electronics,4280,433
429,Product 429,Home,4290,434
430,Product 430,Electronics,4300,435
431,Product 431,Home,4310,436
432,Product 432,Electronics,4320,437
433,Product 433,Home,4330,438
434,Product 434,Electronics,4340,439
435,Product 435,Home,4350,440
436,Product 436,Electronics,4360,441
437,Product 437,Home,4370,442
438,Product 438,Electronics,4380,443
439,Product 439,Home,4390,444
440,Product 440,Electronics,4400,445
441,Product 441,Home,4410,446
442,Product 442,Electronics,4420,447
443,Product 443,Home,4430,448
444,Product 444,Electronics,4440,449
445,Product 445,Home,4450,450
446,Product 446,Electronics,4460,451
447,Product 447,Home,4470,452
448,Product 448,Electronics,4480,453
449,Product 449,Home,4490,454
450,Product 450,Electronics,4500,455
451,Product 451,Home,4510,456
452,Product 452,Electronics,4520,457
453,Product 453,Home,4530,458
454,Product 454,Electronics,4540,459
455,Product 455,Home,4550,460
456,Product 456,Electronics,4560,461
457,Product 457,Home,4570,462
458,Product 458,Electronics,4580,463
459,Product 459,Home,4590,464
460,Product 460,Electronics,4600,465
461,Product 461,Home,4610,466
462,Product 462,Electronics,4620,467
463,Product 463,Home,4630,468
464,Product 464,Electronics,4640,469
465,Product 465,Home,4650,470
466,Product 466,Electronics,4660,471
467,Product 467,Home,4670,472
468,Product 468,Electronics,4680,473
469,Product 469,Home,4690,474
470,Product 470,Electronics,4700,475
471,Product 471,Home,4710,476
472,Product 472,Electronics,4720,477
473,Product 473,Home,4730,478
474,Product 474,Electronics,4740,479
475,Product 475,Home,4750,480
476,Product 476,Electronics,4760,481
477,Product 477,Home,4770,482
478,Product 478,Electronics,4780,483
479,Product 479,Home,4790,484
480,Product 480,Electronics,4800,485
481,Product 481,Home,4810,486
482,Product 482,Electronics,4820,487
483,Product 483,Home,4830,488
484,Product 484,Electronics,4840,489
485,Product 485,Home,4850,490
486,Product 486,Electronics,4860,491
487,Product 487,Home,4870,492
488,Product 488,Electronics,4880,493
489,Product 489,Home,4890,494
490,Product 490,Electronics,4900,495
491,Product 491,Home,4910,496
492,Product 492,Electronics,4920,497
493,Product 493,Home,4930,498
494,Product 494,Electronics,4940,499
495,Product 495,Home,4950,500
496,Product 496,Electronics,4960,501
497,Product 497,Home,4970,502
498,Product 498,Electronics,4980,503
499,Product 499,Home,4990,504
500,Product 500,Electronics,5000,505
501,Product 501,Home,5010,506
502,Product 502,Electronics,5020,507
503,Product 503,Home,5030,508
504,Product 504,Electronics,5040,509
505,Product 505,Home,5050,510
506,Product 506,Electronics,5060,511
507,Product 507,Home,5070,512
508,Product 508,Electronics,5080,513
509,Product 509,Home,5090,514
510,Product 510,Electronics,5100,515
511,Product 511,Home,5110,516
512,Product 512,Electronics,5120,517
513,Product 513,Home,5130,518
514,Product 514,Electronics,5140,519
515,Product 515,Home,5150,520
516,Product 516,Electronics,5160,521
517,Product 517,Home,5170,522
518,Product 518,Electronics,5180,523
519,Product 519,Home,5190,524
520,Product 520,Electronics,5200,525
521,Product 521,Home,5210,526
522,Product 522,Electronics,5220,527
523,Product 523,Home,5230,528
524,Product 524,Electronics,5240,529
525,Product 525,Home,5250,530
526,Product 526,Electronics,5260,531
527,Product 527,Home,5270,532
528,Product 528,Electronics,5280,533
529,Product 529,Home,5290,534
530,Product 530,Electronics,5300,535
531,Product 531,Home,5310,536
532,Product 532,Electronics,5320,537
533,Product 533,Home,5330,538
534,Product 534,Electronics,5340,539
535,Product 535,Home,5350,540
536,Product 536,Electronics,5360,541
537,Product 537,Home,5370,542
538,Product 538,Electronics,5380,543
539,Product 539,Home,5390,544
540,Product 540,Electronics,5400,545
541,Product 541,Home,5410,546
542,Product 542,Electronics,5420,547
543,Product 543,Home,5430,548
544,Product 544,Electronics,5440,549
545,Product 545,Home,5450,550
546,Product 546,Electronics,5460,551
547,Product 547,Home,5470,552
548,Product 548,Electronics,5480,553
549,Product 549,Home,5490,554
550,Product 550,Electronics,5500,555
551,Product 551,Home,5510,556
552,Product 552,Electronics,5520,557
553,Product 553,Home,5530,558
554,Product 554,Electronics,5540,559
555,Product 555,Home,5550,560
556,Product 556,Electronics,5560,561
557,Product 557,Home,5570,562
558,Product 558,Electronics,5580,563
559,Product 559,Home,5590,564
560,Product 560,Electronics,5600,565
561,Product 561,Home,5610,566
562,Product 562,Electronics,5620,567
563,Product 563,Home,5630,568
564,Product 564,Electronics,5640,569
565,Product 565,Home,5650,570
566,Product 566,Electronics,5660,571
567,Product 567,Home,5670,572
568,Product 568,Electronics,5680,573
569,Product 569,Home,5690,574
570,Product 570,Electronics,5700,575
571,Product 571,Home,5710,576
572,Product 572,Electronics,5720,577
573,Product 573,Home,5730,578
574,Product 574,Electronics,5740,579
575,Product 575,Home,5750,580
576,Product 576,Electronics,5760,581
577,Product 577,Home,5770,582
578,Product 578,Electronics,5780,583
579,Product 579,Home,5790,584
580,Product 580,Electronics,5800,585
581,Product 581,Home,5810,586
582,Product 582,Electronics,5820,587
583,Product 583,Home,5830,588
584,Product 584,Electronics,5840,589
585,Product 585,Home,5850,590
586,Product 586,Electronics,5860,591
587,Product 587,Home,5870,592
588,Product 588,Electronics,5880,593
589,Product 589,Home,5890,594
590,Product 590,Electronics,5900,595
591,Product 591,Home,5910,596
592,Product 592,Electronics,5920,597
593,Product 593,Home,5930,598
594,Product 594,Electronics,5940,599
595,Product 595,Home,5950,600
596,Product 596,Electronics,5960,601
597,Product 597,Home,5970,602
598,Product 598,Electronics,5980,603
599,Product 599,Home,5990,604
600,Product 600,Electronics,6000,605
601,Product 601,Home,6010,606
602,Product 602,Electronics,6020,607
603,Product 603,Home,6030,608
604,Product 604,Electronics,6040,609
605,Product 605,Home,6050,610
606,Product 606,Electronics,6060,611
607,Product 607,Home,6070,612
608,Product 608,Electronics,6080,613
609,Product 609,Home,6090,614
610,Product 610,Electronics,6100,615
611,Product 611,Home,6110,616
612,Product 612,Electronics,6120,617
613,Product 613,Home,6130,618
614,Product 614,Electronics,6140,619
615,Product 615,Home,6150,620
616,Product 616,Electronics,6160,621
617,Product 617,Home,6170,622
618,Product 618,Electronics,6180,623
619,Product 619,Home,6190,624
620,Product 620,Electronics,6200,625
621,Product 621,Home,6210,626
622,Product 622,Electronics,6220,627
623,Product 623,Home,6230,628
624,Product 624,Electronics,6240,629
625,Product 625,Home,6250,630
626,Product 626,Electronics,6260,631
627,Product 627,Home,6270,632
628,Product 628,Electronics,6280,633
629,Product 629,Home,6290,634
630,Product 630,Electronics,6300,635
631,Product 631,Home,6310,636
632,Product 632,Electronics,6320,637
633,Product 633,Home,6330,638
634,Product 634,Electronics,6340,639
635,Product 635,Home,6350,640
636,Product 636,Electronics,6360,641
637,Product 637,Home,6370,642
638,Product 638,Electronics,6380,643
639,Product 639,Home,6390,644
640,Product 640,Electronics,6400,645
641,Product 641,Home,6410,646
642,Product 642,Electronics,6420,647
643,Product 643,Home,6430,648
644,Product 644,Electronics,6440,649
645,Product 645,Home,6450,650
646,Product 646,Electronics,6460,651
647,Product 647,Home,6470,652
648,Product 648,Electronics,6480,653
649,Product 649,Home,6490,654
650,Product 650,Electronics,6500,655
651,Product 651,Home,6510,656
652,Product 652,Electronics,6520,657
653,Product 653,Home,6530,658
654,Product 654,Electronics,6540,659
655,Product 655,Home,6550,660
656,Product 656,Electronics,6560,661
657,Product 657,Home,6570,662
658,Product 658,Electronics,6580,663
659,Product 659,Home,6590,664
660,Product 660,Electronics,6600,665
661,Product 661,Home,6610,666
662,Product 662,Electronics,6620,667
663,Product 663,Home,6630,668
664,Product 664,Electronics,6640,669
665,Product 665,Home,6650,670
666,Product 666,Electronics,6660,671
667,Product 667,Home,6670,672
668,Product 668,Electronics,6680,673
669,Product 669,Home,6690,674
670,Product 670,Electronics,6700,675
671,Product 671,Home,6710,676
672,Product 672,Electronics,6720,677
673,Product 673,Home,6730,678
674,Product 674,Electronics,6740,679
675,Product 675,Home,6750,680
676,Product 676,Electronics,6760,681
677,Product 677,Home,6770,682
678,Product 678,Electronics,6780,683
679,Product 679,Home,6790,684
680,Product 680,Electronics,6800,685
681,Product 681,Home,6810,686
682,Product 682,Electronics,6820,687
683,Product 683,Home,6830,688
684,Product 684,Electronics,6840,689
685,Product 685,Home,6850,690
686,Product 686,Electronics,6860,691
687,Product 687,Home,6870,692
688,Product 688,Electronics,6880,693
689,Product 689,Home,6890,694
690,Product 690,Electronics,6900,695
691,Product 691,Home,6910,696
692,Product 692,Electronics,6920,697
693,Product 693,Home,6930,698
694,Product 694,Electronics,6940,699
695,Product 695,Home,6950,700
696,Product 696,Electronics,6960,701
697,Product 697,Home,6970,702
698,Product 698,Electronics,6980,703
699,Product 699,Home,6990,704
700,Product 700,Electronics,7000,705
701,Product 701,Home,7010,706
702,Product 702,Electronics,7020,707
703,Product 703,Home,7030,708
704,Product 704,Electronics,7040,709
705,Product 705,Home,7050,710
706,Product 706,Electronics,7060,711
707,Product 707,Home,7070,712
708,Product 708,Electronics,7080,713
709,Product 709,Home,7090,714
710,Product 710,Electronics,7100,715
711,Product 711,Home,7110,716
712,Product 712,Electronics,7120,717
713,Product 713,Home,7130,718
714,Product 714,Electronics,7140,719
715,Product 715,Home,7150,720
716,Product 716,Electronics,7160,721
717,Product 717,Home,7170,722
718,Product 718,Electronics,7180,723
719,Product 719,Home,7190,724
720,Product 720,Electronics,7200,725
721,Product 721,Home,7210,726
722,Product 722,Electronics,7220,727
723,Product 723,Home,7230,728
724,Product 724,Electronics,7240,729
725,Product 725,Home,7250,730
726,Product 726,Electronics,7260,731
727,Product 727,Home,7270,732
728,Product 728,Electronics,7280,733
729,Product 729,Home,7290,734
730,Product 730,Electronics,7300,735
731,Product 731,Home,7310,736
732,Product 732,Electronics,7320,737
733,Product 733,Home,7330,738
734,Product 734,Electronics,7340,739
735,Product 735,Home,7350,740
736,Product 736,Electronics,7360,741
737,Product 737,Home,7370,742
738,Product 738,Electronics,7380,743
739,Product 739,Home,7390,744
740,Product 740,Electronics,7400,745
741,Product 741,Home,7410,746
742,Product 742,Electronics,7420,747
743,Product 743,Home,7430,748
744,Product 744,Electronics,7440,749
745,Product 745,Home,7450,750
746,Product 746,Electronics,7460,751
747,Product 747,Home,7470,752
748,Product 748,Electronics,7480,753
749,Product 749,Home,7490,754
750,Product 750,Electronics,7500,755
751,Product 751,Home,7510,756
752,Product 752,Electronics,7520,757
753,Product 753,Home,7530,758
754,Product 754,Electronics,7540,759
755,Product 755,Home,7550,760
756,Product 756,Electronics,7560,761
757,Product 757,Home,7570,762
758,Product 758,Electronics,7580,763
759,Product 759,Home,7590,764
760,Product 760,Electronics,7600,765
761,Product 761,Home,7610,766
762,Product 762,Electronics,7620,767
763,Product 763,Home,7630,768
764,Product 764,Electronics,7640,769
765,Product 765,Home,7650,770
766,Product 766,Electronics,7660,771
767,Product 767,Home,7670,772
768,Product 768,Electronics,7680,773
769,Product 769,Home,7690,774
770,Product 770,Electronics,7700,775
771,Product 771,Home,7710,776
772,Product 772,Electronics,7720,777
773,Product 773,Home,7730,778
774,Product 774,Electronics,7740,779
775,Product 775,Home,7750,780
776,Product 776,Electronics,7760,781
777,Product 777,Home,7770,782
778,Product 778,Electronics,7780,783
779,Product 779,Home,7790,784
780,Product 780,Electronics,7800,785
781,Product 781,Home,7810,786
782,Product 782,Electronics,7820,787
783,Product 783,Home,7830,788
784,Product 784,Electronics,7840,789
785,Product 785,Home,7850,790
786,Product 786,Electronics,7860,791
787,Product 787,Home,7870,792
788,Product 788,Electronics,7880,793
789,Product 789,Home,7890,794
790,Product 790,Electronics,7900,795
791,Product 791,Home,7910,796
792,Product 792,Electronics,7920,797
793,Product 793,Home,7930,798
794,Product 794,Electronics,7940,799
795,Product 795,Home,7950,800
796,Product 796,Electronics,7960,801
797,Product 797,Home,7970,802
798,Product 798,Electronics,7980,803
799,Product 799,Home,7990,804
800,Product 800,Electronics,8000,805
801,Product 801,Home,8010,806
802,Product 802,Electronics,8020,807
803,Product 803,Home,8030,808
804,Product 804,Electronics,8040,809
805,Product 805,Home,8050,810
806,Product 806,Electronics,8060,811
807,Product 807,Home,8070,812
808,Product 808,Electronics,8080,813
809,Product 809,Home,8090,814
810,Product 810,Electronics,8100,815
811,Product 811,Home,8110,816
812,Product 812,Electronics,8120,817
813,Product 813,Home,8130,818
814,Product 814,Electronics,8140,819
815,Product 815,Home,8150,820
816,Product 816,Electronics,8160,821
817,Product 817,Home,8170,822
818,Product 818,Electronics,8180,823
819,Product 819,Home,8190,824
820,Product 820,Electronics,8200,825
821,Product 821,Home,8210,826
822,Product 822,Electronics,8220,827
823,Product 823,Home,8230,828
824,Product 824,Electronics,8240,829
825,Product 825,Home,8250,830
826,Product 826,Electronics,8260,831
827,Product 827,Home,8270,832
828,Product 828,Electronics,8280,833
829,Product 829,Home,8290,834
830,Product 830,Electronics,8300,835
831,Product 831,Home,8310,836
832,Product 832,Electronics,8320,837
833,Product 833,Home,8330,838
834,Product 834,Electronics,8340,839
835,Product 835,Home,8350,840
836,Product 836,Electronics,8360,841
837,Product 837,Home,8370,842
838,Product 838,Electronics,8380,843
839,Product 839,Home,8390,844
840,Product 840,Electronics,8400,845
841,Product 841,Home,8410,846
842,Product 842,Electronics,8420,847
843,Product 843,Home,8430,848
844,Product 844,Electronics,8440,849
845,Product 845,Home,8450,850
846,Product 846,Electronics,8460,851
847,Product 847,Home,8470,852
848,Product 848,Electronics,8480,853
849,Product 849,Home,8490,854
850,Product 850,Electronics,8500,855
851,Product 851,Home,8510,856
852,Product 852,Electronics,8520,857
853,Product 853,Home,8530,858
854,Product 854,Electronics,8540,859
855,Product 855,Home,8550,860
856,Product 856,Electronics,8560,861
857,Product 857,Home,8570,862
858,Product 858,Electronics,8580,863
859,Product 859,Home,8590,864
860,Product 860,Electronics,8600,865
861,Product 861,Home,8610,866
862,Product 862,Electronics,8620,867
863,Product 863,Home,8630,868
864,Product 864,Electronics,8640,869
865,Product 865,Home,8650,870
866,Product 866,Electronics,8660,871
867,Product 867,Home,8670,872
868,Product 868,Electronics,8680,873
869,Product 869,Home,8690,874
870,Product 870,Electronics,8700,875
871,Product 871,Home,8710,876
872,Product 872,Electronics,8720,877
873,Product 873,Home,8730,878
874,Product 874,Electronics,8740,879
875,Product 875,Home,8750,880
876,Product 876,Electronics,8760,881
877,Product 877,Home,8770,882
878,Product 878,Electronics,8780,883
879,Product 879,Home,8790,884
880,Product 880,Electronics,8800,885
881,Product 881,Home,8810,886
882,Product 882,Electronics,8820,887
883,Product 883,Home,8830,888
884,Product 884,Electronics,8840,889
885,Product 885,Home,8850,890
886,Product 886,Electronics,8860,891
887,Product 887,Home,8870,892
888,Product 888,Electronics,8880,893
889,Product 889,Home,8890,894
890,Product 890,Electronics,8900,895
891,Product 891,Home,8910,896
892,Product 892,Electronics,8920,897
893,Product 893,Home,8930,898
894,Product 894,Electronics,8940,899
895,Product 895,Home,8950,900
896,Product 896,Electronics,8960,901
897,Product 897,Home,8970,902
898,Product 898,Electronics,8980,903
899,Product 899,Home,8990,904
900,Product 900,Electronics,9000,905
901,Product 901,Home,9010,906
902,Product 902,Electronics,9020,907
903,Product 903,Home,9030,908
904,Product 904,Electronics,9040,909
905,Product 905,Home,9050,910
906,Product 906,Electronics,9060,911
907,Product 907,Home,9070,912
908,Product 908,Electronics,9080,913
909,Product 909,Home,9090,914
910,Product 910,Electronics,9100,915
911,Product 911,Home,9110,916
912,Product 912,Electronics,9120,917
913,Product 913,Home,9130,918
914,Product 914,Electronics,9140,919
915,Product 915,Home,9150,920
916,Product 916,Electronics,9160,921
917,Product 917,Home,9170,922
918,Product 918,Electronics,9180,923
919,Product 919,Home,9190,924
920,Product 920,Electronics,9200,925
921,Product 921,Home,9210,926
922,Product 922,Electronics,9220,927
923,Product 923,Home,9230,928
924,Product 924,Electronics,9240,929
925,Product 925,Home,9250,930
926,Product 926,Electronics,9260,931
927,Product 927,Home,9270,932
928,Product 928,Electronics,9280,933
929,Product 929,Home,9290,934
930,Product 930,Electronics,9300,935
931,Product 931,Home,9310,936
932,Product 932,Electronics,9320,937
933,Product 933,Home,9330,938
934,Product 934,Electronics,9340,939
935,Product 935,Home,9350,940
936,Product 936,Electronics,9360,941
937,Product 937,Home,9370,942
938,Product 938,Electronics,9380,943
939,Product 939,Home,9390,944
940,Product 940,Electronics,9400,945
941,Product 941,Home,9410,946
942,Product 942,Electronics,9420,947
943,Product 943,Home,9430,948
944,Product 944,Electronics,9440,949
945,Product 945,Home,9450,950
946,Product 946,Electronics,9460,951
947,Product 947,Home,9470,952
948,Product 948,Electronics,9480,953
949,Product 949,Home,9490,954
950,Product 950,Electronics,9500,955
951,Product 951,Home,9510,956
952,Product 952,Electronics,9520,957
953,Product 953,Home,9530,958
954,Product 954,Electronics,9540,959
955,Product 955,Home,9550,960
956,Product 956,Electronics,9560,961
957,Product 957,Home,9570,962
958,Product 958,Electronics,9580,963
959,Product 959,Home,9590,964
960,Product 960,Electronics,9600,965
961,Product 961,Home,9610,966
962,Product 962,Electronics,9620,967
963,Product 963,Home,9630,968
964,Product 964,Electronics,9640,969
965,Product 965,Home,9650,970
966,Product 966,Electronics,9660,971
967,Product 967,Home,9670,972
968,Product 968,Electronics,9680,973
969,Product 969,Home,9690,974
970,Product 970,Electronics,9700,975
971,Product 971,Home,9710,976
972,Product 972,Electronics,9720,977
973,Product 973,Home,9730,978
974,Product 974,Electronics,9740,979
975,Product 975,Home,9750,980
976,Product 976,Electronics,9760,981
977,Product 977,Home,9770,982
978,Product 978,Electronics,9780,983
979,Product 979,Home,9790,984
980,Product 980,Electronics,9800,985
981,Product 981,Home,9810,986
982,Product 982,Electronics,9820,987
983,Product 983,Home,9830,988
984,Product 984,Electronics,9840,989
985,Product 985,Home,9850,990
986,Product 986,Electronics,9860,991
987,Product 987,Home,9870,992
988,Product 988,Electronics,9880,993
989,Product 989,Home,9890,994
990,Product 990,Electronics,9900,995
991,Product 991,Home,9910,996
992,Product 992,Electronics,9920,997
993,Product 993,Home,9930,998
994,Product 994,Electronics,9940,999
995,Product 995,Home,9950,1000
996,Product 996,Electronics,9960,1001
997,Product 997,Home,9970,1002
998,Product 998,Electronics,9980,1003
999,Product 999,Home,9990,1004
1000,Product 1000,Electronics,10000,1005
